<?xml version="1.0" encoding="UTF-8"?>

<!--
  ~
  ~      Copyright (c) 2018-2025, intelligence All rights reserved.
  ~
  ~  Redistribution and use in source and binary forms, with or without
  ~  modification, are permitted provided that the following conditions are met:
  ~
  ~ Redistributions of source code must retain the above copyright notice,
  ~  this list of conditions and the following disclaimer.
  ~  Redistributions in binary form must reproduce the above copyright
  ~  notice, this list of conditions and the following disclaimer in the
  ~  documentation and/or other materials provided with the distribution.
  ~  Neither the name of the pig4cloud.com developer nor the names of its
  ~  contributors may be used to endorse or promote products derived from
  ~  this software without specific prior written permission.
  ~  Author: intelligence
  ~
  -->

<!DOCTYPE mapper PUBLIC "-//mybatis.org//DTD Mapper 3.0//EN" "http://mybatis.org/dtd/mybatis-3-mapper.dtd">

<mapper namespace="com.jmcloud.intelligence.mp.mapper.WxAccountMapper">

	<resultMap id="wxAccountMap" type="com.jmcloud.intelligence.mp.entity.WxAccount">
		<id property="id" column="id"/>
		<result property="name" column="name"/>
		<result property="account" column="account"/>
		<result property="appid" column="appid"/>
		<result property="appsecret" column="appsecret"/>
		<result property="url" column="url"/>
		<result property="token" column="token"/>
		<result property="aeskey" column="aeskey"/>
		<result property="qrUrl" column="qr_url"/>
		<result property="createTime" column="create_time"/>
		<result property="updateTime" column="update_time"/>
		<result property="delFlag" column="del_flag"/>
	</resultMap>
</mapper>
